1	كانَ ذو القرنينِ ملِكًا صالحًا، مكَّنَ اللهُ لهُ في الأرضِ، وأعطاهُ من كلِّ شيءٍ أسبابًا وطُرُقًا.
2	فأخذَ بتلكَ الأسبابِ بجِدٍّ واجتهادٍ.
3	فسارَ حتّى وصلَ إلى مغربِ الشمسِ، فرآها كأنَّها تغرُبُ في عينٍ حارّةٍ ذاتِ طينٍ أسودَ، ووجدَ هناكَ قومًا.
4	فحكمَ فيهِم بالعدلِ: مَن آمنَ وعمِلَ صالحًا أحسنَ إليهِ، ولانَ لهُ في القولِ.
5	ثمَّ سارَ إلى المشرقِ، فوجدَ الشمسَ تطلُعُ على قومٍ ليسَ لهُم بناءٌ يستُرُهُم، ولا شجرٌ يُظِلُّهُم.
6	ثمَّ سارَ حتّى وصلَ بينَ جبلَيْنِ، فوجدَ قومًا لا يكادونَ يفهمونَ كلامَ غيرِهِم.
7	فقالوا: إنَّ يأجوجَ ومأجوجَ يُفسِدونَ في الأرضِ، فهل نجمعُ لكَ مالًا، وتجعلُ بينَنا وبينَهُم حاجزًا؟
8	فقالَ: ما أعطاني ربّي خيرٌ من مالِكُم، ولكنْ أعينوني بقوّتِكُم.
9	فجاؤوا بقِطَعِ الحديدِ، ووضعوها بينَ الجبلَيْنِ حتّى ساوَتْهُما.
10	فأشعلوا النارَ حتّى صارَ الحديدُ كلُّهُ نارًا، ثمَّ صبَّ عليهِ النحاسَ.
11	فصارَ سدًّا عاليًا أملسَ، لم يستطيعوا أن يصعدوا فوقَهُ، ولا أن يَثقُبوهُ.
12	فلم يتكبَّرْ ذو القرنينِ، بل قالَ: هذا السدُّ من رحمةِ اللهِ بالناسِ.
14	تعلَّمْنا من ذي القرنينِ: أن نأخذَ بالأسبابِ ونجتهدَ، وأن نعدِلَ، وأن ننسُبَ الفضلَ للهِ لا لأنفسِنا.
