id	en	es	fr	pt	ru	ur
1	On waking from sleep	Al despertar del sueño	Au réveil	Ao acordar do sono	При пробуждении ото сна	نیند سے بیدار ہونے پر
2	When putting on a garment	Al ponerse una prenda	En mettant un vêtement	Ao vestir uma roupa	При надевании одежды	کپڑا پہننے کی دعا
3	When putting on a new garment	Al estrenar una prenda	En mettant un vêtement neuf	Ao vestir uma roupa nova	При надевании новой одежды	نیا کپڑا پہننے کی دعا
4	For someone who puts on a new garment	Para quien estrena una prenda	Pour celui qui met un vêtement neuf	Para quem veste uma roupa nova	Тому, кто надел новую одежду	نیا کپڑا پہننے والے کے لیے دعا
5	When taking off a garment	Al quitarse la ropa	En retirant son vêtement	Ao tirar a roupa	При снятии одежды	کپڑا اتارتے وقت
6	When entering the toilet	Al entrar al baño	En entrant aux toilettes	Ao entrar no banheiro	При входе в уборную	بیت الخلا میں داخل ہونے کی دعا
7	When leaving the toilet	Al salir del baño	En sortant des toilettes	Ao sair do banheiro	При выходе из уборной	بیت الخلا سے نکلنے کی دعا
8	Before wudu	Antes de la ablución	Avant les ablutions	Antes da ablução	Перед омовением	وضو سے پہلے کا ذکر
9	After finishing wudu	Al terminar la ablución	Après les ablutions	Depois de terminar a ablução	После омовения	وضو سے فارغ ہونے کے بعد کا ذکر
10	When leaving the home	Al salir de casa	En sortant de la maison	Ao sair de casa	При выходе из дома	گھر سے نکلتے وقت کا ذکر
11	When entering the home	Al entrar en casa	En entrant dans la maison	Ao entrar em casa	При входе в дом	گھر میں داخل ہوتے وقت کا ذکر
12	When going to the mosque	Al ir a la mezquita	En allant à la mosquée	Ao ir à mesquita	По дороге в мечеть	مسجد جاتے وقت کی دعا
13	When entering the mosque	Al entrar en la mezquita	En entrant dans la mosquée	Ao entrar na mesquita	При входе в мечеть	مسجد میں داخل ہونے کی دعا
14	When leaving the mosque	Al salir de la mezquita	En sortant de la mosquée	Ao sair da mesquita	При выходе из мечети	مسجد سے نکلنے کی دعا
15	At the adhan	En el adhán	Pendant l'appel à la prière	No adhan	Во время азана	اذان کے وقت کے اذکار
16	The opening supplication of prayer	La súplica de apertura de la oración	L'invocation d'ouverture de la prière	A súplica de abertura da oração	Вступительная мольба намаза	نماز کے شروع کی دعا
17	In bowing (ruku')	En la inclinación (ruku')	Pendant l'inclinaison (rukû')	Na inclinação (ruku')	В поясном поклоне (руку)	رکوع کی دعا
18	Rising from bowing	Al levantarse de la inclinación	En se relevant de l'inclinaison	Ao levantar-se da inclinação	При выпрямлении из поясного поклона	رکوع سے اٹھنے کی دعا
19	In prostration (sujud)	En la postración (sujud)	Pendant la prosternation (sujûd)	Na prostração (sujud)	В земном поклоне (суджуд)	سجدے کی دعا
20	Between the two prostrations	Entre las dos postraciones	Entre les deux prosternations	Entre as duas prostrações	Между двумя земными поклонами	دو سجدوں کے درمیان کی دعا
21	The prostration of recitation	La postración de recitación	La prosternation de récitation	A prostração de recitação	Земной поклон чтения	سجدۂ تلاوت کی دعا
22	The tashahhud	El tashahhud	Le tashahhud	O tashahhud	Ташаххуд	تشہد
23	Blessings on the Prophet ﷺ after the tashahhud	Bendiciones sobre el Profeta ﷺ tras el tashahhud	Prière sur le Prophète ﷺ après le tashahhud	Bênçãos sobre o Profeta ﷺ após o tashahhud	Салават Пророку ﷺ после ташаххуда	تشہد کے بعد نبی ﷺ پر درود
24	After the final tashahhud, before the salam	Tras el último tashahhud, antes del salam	Après le dernier tashahhud, avant le salut	Após o último tashahhud, antes do salam	После последнего ташаххуда, до салама	آخری تشہد کے بعد سلام سے پہلے کی دعا
25	After the salam of the prayer	Después del salam de la oración	Après le salut de la prière	Depois do salam da oração	После салама намаза	نماز کے سلام کے بعد کے اذکار
26	The istikhara prayer	La oración de istijara	La prière d'istikhâra	A oração de istikhara	Молитва истихара	نمازِ استخارہ کی دعا
27	Morning adhkar	Adhkar de la mañana	Adhkâr du matin	Adhkar da manhã	Утренние азкары	صبح کے اذکار
28	Evening adhkar	Adhkar de la tarde	Adhkâr du soir	Adhkar da noite	Вечерние азкары	شام کے اذکار
29	Adhkar before sleep	Adhkar antes de dormir	Adhkâr avant le sommeil	Adhkar antes de dormir	Азкары перед сном	سونے سے پہلے کے اذکار
30	When turning over at night	Al darse la vuelta de noche	En se retournant la nuit	Ao virar-se durante a noite	Когда ворочаешься ночью	رات کو کروٹ بدلتے وقت کی دعا
31	Fright in sleep and being troubled by loneliness	El miedo en el sueño y la inquietud por la soledad	La frayeur pendant le sommeil et l'angoisse de la solitude	O medo durante o sono e a inquietação da solidão	Страх во сне и тревога одиночества	نیند میں گھبراہٹ اور وحشت کی دعا
32	On seeing a dream	Al ver un sueño	En voyant un rêve	Ao ter um sonho	Что делать, увидев сон	خواب دیکھنے پر کیا کرے
33	The qunut of witr	El qunut del witr	Le qunût du witr	O qunut do witr	Дуа-кунут в витре	وتر کی دعائے قنوت
34	After the salam of witr	Tras el salam del witr	Après le salut du witr	Depois do salam do witr	После салама витра	وتر کے سلام کے بعد کا ذکر
35	Worry and grief	La preocupación y la tristeza	Le souci et la tristesse	A preocupação e a tristeza	Тревога и печаль	غم اور فکر کی دعا
36	Distress	La angustia	La détresse	A angústia	В беде и тяготе	مصیبت اور بے چینی کی دعا
37	Meeting the enemy or a ruler	Al enfrentar al enemigo o a un gobernante	En affrontant l'ennemi ou un souverain	Ao enfrentar o inimigo ou um governante	При встрече с врагом или правителем	دشمن اور حاکم کے سامنے جاتے وقت کی دعا
38	Fearing a ruler's injustice	El temor a la injusticia de un gobernante	La crainte de l'injustice d'un souverain	O temor da injustiça de um governante	Страх перед несправедливостью правителя	حاکم کے ظلم کے خوف کی دعا
39	Against an enemy	Contra el enemigo	Contre l'ennemi	Contra o inimigo	Против врага	دشمن کے خلاف دعا
40	When fearing a people	Al temer a un pueblo	En craignant un peuple	Ao temer um povo	Когда боишься людей	کسی قوم سے خوف کی دعا
41	Doubt in one's faith	La duda en la fe	Le doute dans la foi	A dúvida na fé	Сомнение в вере	ایمان میں شک آنے پر دعا
42	Repaying a debt	El pago de una deuda	Le remboursement d'une dette	O pagamento de uma dívida	Об уплате долга	قرض کی ادائیگی کی دعا
43	Whispers in prayer and recitation	Los susurros en la oración y la recitación	Les insinuations dans la prière et la récitation	Os sussurros na oração e na recitação	Наущения в намазе и чтении Корана	نماز اور تلاوت میں وسوسے کی دعا
44	When something is hard for you	Cuando algo se te hace difícil	Quand une chose te paraît difficile	Quando algo se torna difícil	Когда что-то даётся трудно	کسی کام کے مشکل ہونے پر دعا
45	After committing a sin	Después de cometer un pecado	Après avoir commis un péché	Depois de cometer um pecado	После совершения греха	گناہ ہو جانے پر کیا کہے اور کیا کرے
46	To repel the devil and his whispers	Para repeler al demonio y sus susurros	Pour repousser le diable et ses insinuations	Para repelir o demônio e os seus sussurros	Для отпугивания шайтана и его наущений	شیطان اور اس کے وسوسوں کو دور کرنے کی دعا
47	When something displeasing happens or you are overcome	Cuando ocurre algo desagradable o te vence un asunto	Quand survient ce qui déplaît ou qu'on est dépassé	Quando acontece algo desagradável ou você é vencido	Когда случается нежеланное или тебя одолели	ناپسندیدہ بات پیش آنے یا مغلوب ہو جانے پر دعا
48	Congratulating a newborn's parent, and the reply	Felicitar al padre de un recién nacido y la respuesta	Féliciter le parent d'un nouveau-né, et la réponse	Felicitar o pai de um recém-nascido e a resposta	Поздравление с новорождённым и ответ	نومولود کی مبارکباد اور اس کا جواب
49	Seeking protection for children	Protección para los niños	La protection des enfants	A proteção das crianças	Защита детей	بچوں کو پناہ میں دینے کی دعا
50	For the sick when visiting him	Para el enfermo al visitarlo	Pour le malade lors de sa visite	Para o doente ao visitá-lo	Больному при его посещении	بیمار کی عیادت کے وقت کی دعا
51	The virtue of visiting the sick	El mérito de visitar al enfermo	Le mérite de visiter le malade	O mérito de visitar o doente	Достоинство посещения больного	بیمار کی عیادت کی فضیلت
52	The sick who has despaired of life	El enfermo que ha perdido la esperanza de vivir	Le malade qui désespère de vivre	O doente que perdeu a esperança de viver	Больной, потерявший надежду выжить	جو بیمار زندگی سے مایوس ہو اس کی دعا
53	Prompting the dying person	Instruir al moribundo	Suggérer la profession de foi au mourant	Instruir o moribundo	Напоминание умирающему	مرنے والے کو کلمہ کی تلقین
54	When struck by a calamity	Al sufrir una desgracia	Lors d'une épreuve	Ao ser atingido por uma desgraça	При постигшей беде	مصیبت پہنچنے پر دعا
55	When closing the eyes of the deceased	Al cerrar los ojos del difunto	En fermant les yeux du défunt	Ao fechar os olhos do falecido	При закрытии глаз умершего	میت کی آنکھیں بند کرتے وقت کی دعا
56	For the deceased in the funeral prayer	Por el difunto en la oración fúnebre	Pour le défunt dans la prière funéraire	Pelo falecido na oração fúnebre	За умершего в погребальной молитве	نمازِ جنازہ میں میت کے لیے دعا
57	For a child who died, in the funeral prayer	Por el niño fallecido en la oración fúnebre	Pour l'enfant décédé dans la prière funéraire	Pela criança falecida na oração fúnebre	За умершего ребёнка в погребальной молитве	نمازِ جنازہ میں بچے کے لیے دعا
58	Condolence	El pésame	Les condoléances	As condolências	Соболезнование	تعزیت کی دعا
59	When placing the deceased in the grave	Al colocar al difunto en la tumba	En déposant le défunt dans la tombe	Ao colocar o falecido na sepultura	При опускании умершего в могилу	میت کو قبر میں رکھتے وقت کی دعا
60	After burying the deceased	Después de enterrar al difunto	Après l'inhumation du défunt	Depois de sepultar o falecido	После погребения умершего	میت کو دفن کرنے کے بعد کی دعا
61	When visiting graves	Al visitar las tumbas	En visitant les tombes	Ao visitar os túmulos	При посещении могил	قبروں کی زیارت کی دعا
62	For the wind	Para el viento	Pour le vent	Para o vento	При ветре	آندھی کی دعا
63	For thunder	Para el trueno	Pour le tonnerre	Para o trovão	При громе	بادل کی گرج کی دعا
64	Supplications for rain	Súplicas para pedir lluvia	Invocations pour demander la pluie	Súplicas pelo pedido de chuva	Мольбы о ниспослании дождя	بارش کی دعا مانگنے کی دعائیں
65	When it rains	Cuando llueve	Quand il pleut	Quando chove	Когда идёт дождь	بارش برسنے کے وقت کی دعا
66	After the rain	Después de la lluvia	Après la pluie	Depois da chuva	После дождя	بارش کے بعد کا ذکر
67	Supplications for the clearing of the sky	Súplicas para que despeje el cielo	Invocations pour que le ciel se dégage	Súplicas para que o céu se abra	Мольбы о прекращении дождя	بارش رکنے کی دعائیں
68	On sighting the new moon	Al ver la luna nueva	En voyant le nouveau croissant	Ao avistar a lua nova	При виде новолуния	نیا چاند دیکھنے کی دعا
69	When the fasting person breaks the fast	Al romper el ayuno	En rompant le jeûne	Ao quebrar o jejum	При разговении	روزہ افطار کرتے وقت کی دعا
70	Before eating	Antes de comer	Avant de manger	Antes de comer	Перед едой	کھانے سے پہلے کی دعا
71	After finishing eating	Al terminar de comer	Après avoir mangé	Ao terminar de comer	После еды	کھانے سے فارغ ہونے کے بعد کی دعا
72	The guest's supplication for the host	La súplica del invitado por el anfitrión	L'invocation de l'invité pour son hôte	A súplica do convidado pelo anfitrião	Мольба гостя за хозяина	مہمان کی میزبان کے لیے دعا
73	For someone who gave you a drink, or when you wish to	Para quien te dio de beber, o al querer hacerlo	Pour celui qui t'a désaltéré, ou quand on veut le faire	Para quem lhe deu de beber, ou ao desejar fazê-lo	Тому, кто напоил тебя, или когда хочешь напоить	پانی پلانے والے کے لیے یا پلانے کا ارادہ ہو تو دعا
74	When breaking the fast at a family's home	Al romper el ayuno en casa de una familia	En rompant le jeûne chez une famille	Ao quebrar o jejum na casa de uma família	При разговении в доме семьи	کسی گھر والوں کے ہاں افطار کرنے کی دعا
75	The fasting person invited to a meal who is not breaking his fast	El ayunante invitado a comer que no rompe el ayuno	Le jeûneur invité à un repas qui ne rompt pas son jeûne	O jejuador convidado a uma refeição que não quebra o jejum	Постящийся, приглашённый на трапезу, но не прерывающий пост	روزہ دار کو کھانے پر بلایا جائے اور وہ روزہ نہ توڑے تو کیا کہے
76	When someone insults the fasting person	Cuando alguien insulta al ayunante	Quand quelqu'un insulte le jeûneur	Quando alguém insulta o jejuador	Когда оскорбляют постящегося	روزہ دار کو کوئی گالی دے تو کیا کہے
77	On seeing the first fruit	Al ver los primeros frutos	En voyant les premiers fruits	Ao ver os primeiros frutos	При виде первых плодов	نیا پھل دیکھنے کی دعا
78	When sneezing	Al estornudar	En éternuant	Ao espirrar	При чихании	چھینک کی دعا
79	What is said to a non-Muslim who sneezes and praises God	Lo que se dice a un no musulmán que estornuda y alaba a Dios	Ce que l'on dit à un non-musulman qui éternue et loue Dieu	O que se diz a um não muçulmano que espirra e louva a Deus	Что говорят немусульманину, который чихнул и восхвалил Аллаха	غیر مسلم چھینک کر الحمدللہ کہے تو اسے کیا کہا جائے
80	For the newly married	Para el recién casado	Pour le jeune marié	Para o recém-casado	Новобрачному	نئے دولہا کے لیے دعا
81	The groom's supplication for himself, and on buying an animal	La súplica del novio por sí mismo y al comprar un animal	L'invocation du marié pour lui-même, et à l'achat d'une bête	A súplica do noivo por si mesmo e ao comprar um animal	Мольба жениха о себе и при покупке скота	دولہا کی اپنے لیے دعا اور جانور خریدنے کی دعا
82	Before going in to one's wife	Antes de acercarse a la esposa	Avant de rejoindre son épouse	Antes de aproximar-se da esposa	Перед близостью с женой	بیوی کے پاس جانے سے پہلے کی دعا
83	In anger	En la ira	Dans la colère	Na ira	При гневе	غصے کی دعا
84	On seeing someone afflicted	Al ver a alguien afligido	En voyant quelqu'un d'éprouvé	Ao ver alguém aflito	При виде пострадавшего	مصیبت زدہ کو دیکھنے کی دعا
85	What is said in a gathering	Lo que se dice en una reunión	Ce que l'on dit dans une assemblée	O que se diz numa reunião	Что говорят в собрании	مجلس میں کیا کہا جائے
86	The expiation of a gathering	La expiación de una reunión	L'expiation d'une assemblée	A expiação de uma reunião	Искупление за собрание	مجلس کا کفارہ
87	For one who says «May God forgive you»	Para quien dice «Que Dios te perdone»	Pour celui qui dit « Que Dieu te pardonne »	Para quem diz «Que Deus te perdoe»	Тому, кто сказал: «Да простит тебя Аллах»	جو کہے «اللہ آپ کو بخشے» اس کے لیے دعا
88	For one who has done you a kindness	Para quien te hizo un favor	Pour celui qui t'a fait un bienfait	Para quem lhe fez um favor	Тому, кто оказал тебе добро	احسان کرنے والے کے لیے دعا
89	What protects from the Dajjal	Lo que protege del Daŷŷal	Ce qui préserve du Dajjâl	O que protege do Dajjal	Что защищает от Даджжаля	دجال سے حفاظت کا ذکر
90	For one who says «I love you for God's sake»	Para quien dice «Te amo por Dios»	Pour celui qui dit « Je t'aime pour Dieu »	Para quem diz «Eu te amo por Deus»	Тому, кто сказал: «Я люблю тебя ради Аллаха»	جو کہے «میں آپ سے اللہ کے لیے محبت کرتا ہوں» اس کے لیے دعا
91	For one who offered you his wealth	Para quien te ofreció su riqueza	Pour celui qui t'a offert ses biens	Para quem lhe ofereceu os seus bens	Тому, кто предложил тебе своё имущество	جو اپنا مال پیش کرے اس کے لیے دعا
92	For one who lent you, when you repay	Para quien te prestó, al devolver	Pour celui qui t'a prêté, lors du remboursement	Para quem lhe emprestou, ao pagar	Тому, кто одолжил тебе, при возврате долга	قرض دینے والے کے لیے ادائیگی کے وقت دعا
93	Fear of shirk	El temor al politeísmo	La crainte du polythéisme	O temor do politeísmo	Страх перед многобожием	شرک سے ڈر کی دعا
94	For one who says «May God bless you»	Para quien dice «Que Dios te bendiga»	Pour celui qui dit « Que Dieu te bénisse »	Para quem diz «Que Deus o abençoe»	Тому, кто сказал: «Да благословит тебя Аллах»	جو کہے «اللہ آپ کو برکت دے» اس کے لیے دعا
95	Disliking bad omens	Rechazo de los malos augurios	L'aversion pour les mauvais présages	A aversão aos maus presságios	Неприятие дурных примет	بدشگونی کو ناپسند کرنے کی دعا
96	When mounting	Al montar	En montant sa monture	Ao montar	При посадке на средство передвижения	سواری پر سوار ہونے کی دعا
97	The travel supplication	La súplica del viaje	L'invocation du voyage	A súplica de viagem	Мольба в путешествии	سفر کی دعا
98	On entering a town or village	Al entrar en una ciudad o aldea	En entrant dans une ville ou un village	Ao entrar numa cidade ou aldeia	При входе в город или селение	کسی بستی یا شہر میں داخل ہونے کی دعا
99	On entering the market	Al entrar en el mercado	En entrant au marché	Ao entrar no mercado	При входе на рынок	بازار میں داخل ہونے کی دعا
100	When one's mount stumbles	Cuando tropieza la montura	Quand la monture trébuche	Quando a montaria tropeça	Когда спотыкается верховое животное	سواری کے پھسلنے پر دعا
101	The traveller's supplication for the resident	La súplica del viajero por el residente	L'invocation du voyageur pour le résident	A súplica do viajante pelo residente	Мольба путника за остающегося	مسافر کی مقیم کے لیے دعا
102	The resident's supplication for the traveller	La súplica del residente por el viajero	L'invocation du résident pour le voyageur	A súplica do residente pelo viajante	Мольба остающегося за путника	مقیم کی مسافر کے لیے دعا
103	Takbir and tasbih on the journey	Takbir y tasbih durante el viaje	Takbîr et tasbîh pendant le voyage	Takbir e tasbih durante a viagem	Такбир и тасбих в пути	سفر کے دوران تکبیر اور تسبیح
104	The traveller at daybreak	El viajero al amanecer	Le voyageur à l'aube	O viajante ao amanhecer	Путник на рассвете	مسافر کی صبح کے وقت کی دعا
105	On stopping at a place, on a journey or otherwise	Al detenerse en un lugar, de viaje o no	En faisant halte quelque part, en voyage ou non	Ao parar num lugar, em viagem ou não	При остановке на месте, в пути или нет	سفر وغیرہ میں کہیں ٹھہرنے کی دعا
106	On returning from a journey	Al regresar de un viaje	Au retour d'un voyage	Ao voltar de uma viagem	При возвращении из путешествия	سفر سے واپسی کا ذکر
107	When something pleasing or displeasing comes to you	Cuando te llega algo agradable o desagradable	Quand te parvient une chose agréable ou désagréable	Quando lhe chega algo agradável ou desagradável	Когда приходит радостное или неприятное	خوشی یا ناگواری کی بات پیش آنے پر
108	The virtue of blessings on the Prophet ﷺ	El mérito de las bendiciones sobre el Profeta ﷺ	Le mérite de la prière sur le Prophète ﷺ	O mérito das bênçãos sobre o Profeta ﷺ	Достоинство салавата Пророку ﷺ	نبی ﷺ پر درود کی فضیلت
109	Spreading the greeting of peace	Difundir el saludo de paz	Propager le salut	Difundir a saudação de paz	Распространение приветствия салам	سلام کو عام کرنا
110	Replying to a non-Muslim's greeting	Responder al saludo de un no musulmán	Répondre au salut d'un non-musulman	Responder à saudação de um não muçulmano	Ответ на приветствие немусульманина	غیر مسلم کے سلام کا جواب
111	At a rooster's crow and a donkey's bray	Al canto del gallo y el rebuzno del asno	Au chant du coq et au braiment de l'âne	Ao canto do galo e ao zurro do burro	При крике петуха и ослином реве	مرغ کی بانگ اور گدھے کے رینکنے پر دعا
112	On hearing dogs bark at night	Al oír ladrar a los perros de noche	En entendant les chiens aboyer la nuit	Ao ouvir cães latirem à noite	При ночном лае собак	رات کو کتوں کے بھونکنے پر دعا
113	For one you have insulted	Para quien has insultado	Pour celui que tu as insulté	Para quem você insultou	Тому, кого ты оскорбил	جسے آپ نے برا بھلا کہا ہو اس کے لیے دعا
114	When a Muslim praises another Muslim	Cuando un musulmán elogia a otro	Quand un musulman fait l'éloge d'un autre	Quando um muçulmano elogia outro	Когда мусульманин хвалит другого	مسلمان دوسرے مسلمان کی تعریف کرے تو
115	When a Muslim is praised	Cuando se elogia a un musulmán	Quand un musulman est loué	Quando um muçulmano é elogiado	Когда мусульманина хвалят	مسلمان کی تعریف کی جائے تو
116	How the pilgrim says the talbiya in Hajj or 'Umrah	Cómo pronuncia el peregrino la talbiya en el Hayy o la 'Umra	Comment le pèlerin prononce la talbiya au Hajj ou à la 'Umra	Como o peregrino diz a talbiya no Hajj ou na 'Umra	Как паломник произносит талбию в хаджже или умре	حاجی حج یا عمرہ میں تلبیہ کیسے کہے
117	Takbir on reaching the Black Stone	Takbir al llegar a la Piedra Negra	Takbîr en arrivant à la Pierre Noire	Takbir ao chegar à Pedra Negra	Такбир у Чёрного камня	حجرِ اسود کے پاس تکبیر
118	Between the Yemeni Corner and the Black Stone	Entre el Rincón Yemení y la Piedra Negra	Entre l'angle yéménite et la Pierre Noire	Entre o Canto Iemenita e a Pedra Negra	Между Йеменским углом и Чёрным камнем	رکنِ یمانی اور حجرِ اسود کے درمیان کی دعا
119	Standing on Safa and Marwa	De pie sobre Safa y Marwa	Debout sur Safâ et Marwa	De pé sobre Safa e Marwa	На холмах Сафа и Марва	صفا و مروہ پر کھڑے ہونے کی دعا
120	The Day of 'Arafah	El día de 'Arafa	Le jour de 'Arafa	O dia de 'Arafa	День Арафа	یومِ عرفہ کی دعا
121	At al-Mash'ar al-Haram	En al-Mash'ar al-Haram	À al-Mash'ar al-Harâm	Em al-Mash'ar al-Haram	У Машъар аль-Харам	مشعرِ حرام کے پاس ذکر
122	Takbir when stoning the jamarat, with each pebble	Takbir al lapidar los jamarat, con cada guijarro	Takbîr en lapidant les jamarât, à chaque pierre	Takbir ao apedrejar os jamarat, a cada pedrinha	Такбир при побивании камнями, с каждым камнем	جمرات کو کنکری مارتے وقت ہر کنکری کے ساتھ تکبیر
123	Wonder and joyful news	El asombro y la buena noticia	L'émerveillement et la bonne nouvelle	O espanto e a boa notícia	Удивление и радостная весть	تعجب اور خوشی کی بات پر کیا کہے
124	When joyful news comes	Cuando llega una buena noticia	Quand vient une bonne nouvelle	Quando chega uma boa notícia	Когда приходит радостная весть	خوشی کی بات پہنچے تو کیا کرے
125	Feeling pain in the body	Al sentir dolor en el cuerpo	En ressentant une douleur dans le corps	Ao sentir dor no corpo	При боли в теле	جسم میں درد محسوس ہونے پر
126	Fearing to harm something with the evil eye	El temor a dañar algo con el mal de ojo	La crainte de nuire à quelque chose par le mauvais œil	O temor de prejudicar algo com o mau-olhado	Опасение навредить чему-либо дурным глазом	نظر لگ جانے کے اندیشے کی دعا
127	At fright	Ante el pánico	Lors de la frayeur	No susto	При испуге	گھبراہٹ کے وقت کی دعا
128	When slaughtering or sacrificing	Al degollar o sacrificar	En égorgeant ou en sacrifiant	Ao abater ou sacrificar	При забое или жертвоприношении	ذبح یا قربانی کے وقت کیا کہے
129	To repel the plotting of the rebellious devils	Para repeler la trama de los demonios rebeldes	Pour repousser les ruses des diables rebelles	Para repelir a trama dos demônios rebeldes	Для отвращения козней мятежных шайтанов	سرکش شیطانوں کی چال کو دور کرنے کی دعا
130	Seeking forgiveness and repentance	Pedir perdón y arrepentirse	Le pardon et le repentir	Pedir perdão e arrepender-se	Испрашивание прощения и покаяние	استغفار اور توبہ
131	The virtue of tasbih, tahmid, tahlil and takbir	El mérito del tasbih, tahmid, tahlil y takbir	Le mérite du tasbîh, tahmîd, tahlîl et takbîr	O mérito do tasbih, tahmid, tahlil e takbir	Достоинство тасбиха, тахмида, тахлиля и такбира	تسبیح، تحمید، تہلیل اور تکبیر کی فضیلت
132	How the Prophet ﷺ glorified God	Cómo glorificaba el Profeta ﷺ a Dios	Comment le Prophète ﷺ glorifiait Dieu	Como o Profeta ﷺ glorificava a Deus	Как Пророк ﷺ прославлял Аллаха	نبی ﷺ کس طرح تسبیح کرتے تھے
133	Kinds of good and comprehensive manners	Tipos de bien y buenos modales generales	Sortes de bien et bonnes manières générales	Tipos de bem e boas maneiras abrangentes	Виды добра и общие правила этикета	بھلائی کی اقسام اور جامع آداب
