1	خرجَ موسى عليهِ السلامُ معَ خادمِهِ يوشعَ بنِ نونٍ، يريدُ أن يلقى عبدًا صالحًا، ليتعلَّمَ منهُ علمًا ليسَ عندَهُ.
2	وكانَ معَهُما حوتٌ ميِّتٌ زادًا لهُما، فلمّا جلسا عندَ صخرةٍ عندَ ملتقى البحرَيْنِ، صارَ الحوتُ حيًّا، ونزلَ إلى البحرِ.
3	فلمّا ابتعدا وجاعا، تذكَّرَ الخادمُ الحوتَ، فقالَ موسى: هذا ما كنّا نطلبُ؛ فهو علامةُ مكانِ العبدِ الصالحِ. فرجعا إلى الصخرةِ.
4	فوجدا هناكَ الخضرَ عليهِ السلامُ، وقد آتاهُ اللهُ رحمةً من عندِهِ، وعلَّمَهُ علمًا عظيمًا.
5	فسلَّمَ عليهِ موسى، وقالَ: أتأذنُ لي أن أتبعَكَ لتُعلِّمَني؟
6	قالَ الخضرُ: إنَّكَ لن تصبرَ على ما ترى منّي، فكيفَ تصبرُ على أمورٍ لا تعرفُ حكمتَها؟
7	فقالَ موسى: سأصبرُ إن شاءَ اللهُ، ولن أعصيَ لكَ أمرًا.
9	قالَ الخضرُ: فلا تسألْني عن شيءٍ حتّى أُبيِّنَهُ لكَ. فانطلقا، فركبا سفينةً حملَهُما أهلُها بلا أجرٍ، فخرقَها الخضرُ بنزعِ لوحٍ منها.
10	فقالَ موسى: أخرقْتَها لتُغرِقَ أهلَها؟ فذكَّرَهُ الخضرُ بشرطِهِ، فاعتذرَ موسى، وطلبَ منهُ أن يُسامحَهُ لأنَّهُ نسيَ.
11	ثمَّ رأى موسى أمرًا آخرَ أشدَّ فأنكرَهُ، ثمَّ قالَ: إن سألتُكَ بعدَها فلا تصاحِبْني.
12	فأتيا قريةً، فطلبا طعامًا فلم يُضيِّفوهُما، ووجدا جدارًا مائلًا يوشكُ أن يسقطَ، فأقامَهُ الخضرُ حتّى استوى.
13	فقالَ موسى: لو شئتَ لأخذْتَ عليهِ أجرًا نشتري بهِ طعامًا. فقالَ الخضرُ: هنا نفترقُ، وسأُخبِرُكَ بحكمةِ ما لم تصبِرْ عليهِ.
14	أمّا السفينةُ فكانَتْ لمساكينَ يعملونَ في البحرِ، وكانَ أمامَهُم ملِكٌ يأخذُ كلَّ سفينةٍ سليمةٍ غصبًا، فعِبْتُها لتسلَمَ لهُم.
15	وأمّا الجدارُ فكانَ لطفلَيْنِ يتيمَيْنِ، وتحتَهُ مالٌ مدفونٌ لهُما، وكانَ أبوهُما رجلًا صالحًا، فأرادَ اللهُ أن يكبَرا ثمَّ يُخرِجا مالَهُما، رحمةً منهُ بهِما.
16	وما فعلْتُ شيئًا من ذلكَ من عندِ نفسي، وإنّما فعلْتُهُ بأمرِ اللهِ.
17	تعلَّمْنا من موسى والخضرِ: أن نطلُبَ العلمَ ونتواضعَ لهُ، وأنَّ وراءَ ما لا نفهمُهُ حكمةً يعلمُها اللهُ، وأنَّ صلاحَ الآباءِ ينفعُ الأبناءَ.
