1	هذا مثلٌ ذكرَهُ اللهُ لنا عن رجلَيْنِ: أحدُهُما مؤمنٌ، والآخرُ كافرٌ.
2	وكانَ للكافرِ حديقتانِ من العنبِ، حولَهُما نخلٌ كثيرٌ، وبينَهُما زروعٌ.
3	وأثمرَتْ كلُّ حديقةٍ ثمرَها كاملًا، ويجري بينَهُما نهرٌ يسقيهِما.
4	فامتلأَ صاحبُ الحديقتَيْنِ غرورًا، وقالَ لصاحبِهِ المؤمنِ: أنا أكثرُ منكَ مالًا، وأقوى أعوانًا.
5	ودخلَ حديقتَهُ، فأعجبَتْهُ ثمارُها، وقالَ: ما أظنُّ أنَّ هذهِ الحديقةَ تهلِكُ أبدًا.
6	وقالَ: وما أظنُّ أنَّ القيامةَ آتيةٌ.
7	فقالَ لهُ صاحبُهُ المؤمنُ يعِظُهُ: كيفَ تكفُرُ باللهِ الذي خلقَكَ من ترابٍ، ثمَّ جعلَكَ إنسانًا سويًّا؟
8	أمّا أنا فأقولُ: اللهُ ربّي وحدَهُ، ولا أُشرِكُ بهِ أحدًا.
9	وهلّا ذكرتَ اللهَ وشكرتَهُ حينَ دخلتَ حديقتَكَ فأعجبَتْكَ، فهي من فضلِهِ لا من قوّتِكَ.
11	فتحقَّقَ ما حذَّرَهُ منهُ صاحبُهُ، وهلكَ كلُّ ما في الحديقةِ.
12	فصارَ يُقلِّبُ كفَّيْهِ ندمًا على ما أنفقَ فيها، ويتمنّى لو أنَّهُ عبدَ اللهَ وحدَهُ ولم يُشرِكْ بهِ.
13	ولم يجِدْ مَن ينصُرُهُ من الذينَ كانَ يفتخِرُ بهِم.
14	تعلَّمْنا من صاحبِ الجنَّتَيْنِ: أن نشكُرَ اللهَ على نِعَمِهِ ولا نغترَّ، وأن نذكُرَ اللهَ إذا أعجبَنا شيءٌ، كما سمِعْنا في الآيةِ.
