1	قالَ اللهُ للملائكةِ: إنّي جاعلٌ في الأرضِ قومًا يَخلُفُ بعضُهُم بعضًا لعِمارتِها.
2	فسألَتِ الملائكةُ عن الحكمةِ في ذلكَ، فأخبرَهُمُ اللهُ أنَّهُ يعلمُ ما لا يعلمونَ.
3	وعلَّمَ اللهُ آدمَ أسماءَ الأشياءِ كلِّها، ثمَّ عرضَها على الملائكةِ، فقالوا: لا نعرفُ إلّا ما علَّمْتَنا يا ربَّنا.
4	فأخبرَهُم آدمُ بأسمائِها.
5	وأمرَ اللهُ الملائكةَ أن يسجُدوا لآدمَ تحيّةً وإكرامًا، فسجدوا كلُّهُم، إلّا إبليسَ أبى تكبُّرًا وحسدًا.
6	وأسكنَ اللهُ آدمَ وزوجَهُ حوّاءَ الجنّةَ، وأباحَ لهُما أن يأكُلا من ثمارِها ما شاءا، إلّا شجرةً واحدةً نهاهُما عنها.
7	وفيها لا تجوعُ ولا تعرى، ولا تعطشُ ولا يُصيبُكَ حرُّ الشمسِ.
8	وحذَّرَهُ اللهُ: إنَّ إبليسَ عدوٌّ لكُما، فاحذَرا أن يكونَ سببًا في خروجِكُما من الجنّةِ.
9	فوسوسَ لهُما الشيطانُ، وزعمَ أنَّ هذهِ الشجرةَ تجعلُهُما يعيشانِ أبدًا، وحلفَ إنّهُ لهُما ناصحٌ، وهو كاذبٌ.
10	فأكلا من الشجرةِ، ونسِيَ آدمُ الوصيّةَ.
11	فندِما، ودعَوا ربَّهُما معترفَيْنِ بذنبِهِما، يسألانِهِ أن يغفرَ لهُما ويرحمَهُما.
13	فتابَ اللهُ على آدمَ، وغفرَ لهُ؛ إنَّهُ هو التوّابُ الرحيمُ.
14	ثمَّ اصطفاهُ اللهُ وقرَّبَهُ، وهداهُ.
15	وأهبطَهُمُ اللهُ إلى الأرضِ، ووعدَهُم أن يأتيَهُم ما فيهِ هدايتُهُم، فمَن اتَّبعَهُ فلن يخافَ ولن يحزنَ.
16	تعلَّمْنا من آدمَ: أنَّ الشيطانَ عدوٌّ لنا، وأنَّنا إذا أخطأْنا نرجعُ إلى اللهِ ونستغفرُهُ، فهو التوّابُ الرحيمُ.
