1	وُلِدَ موسى عليهِ السلامُ، وخافَتْ عليهِ أمُّهُ من فرعونَ.
2	فألهمَها اللهُ: أرضِعيهِ مطمئنّةً، فإذا خِفتِ عليهِ فضعيهِ في صندوقٍ، وألقيهِ في النيلِ.
3	ولا تخافي ولا تحزَني؛ فاللهُ سيرُدُّهُ إليكِ، ويجعلُهُ رسولًا.
5	فوضعَتْهُ في صندوقٍ وألقَتْهُ في النيلِ، وقالَتْ لأختِهِ: اتبَعي أثرَهُ.
6	فتبِعَتْهُ أختُهُ، تنظُرُ إليهِ من بعيدٍ، وهم لا يعرفونَ أنَّها أختُهُ.
7	فوجدَهُ أعوانُ فرعونَ وأخذوهُ.
8	فلمّا رأتْهُ امرأةُ فرعونَ، ألقى اللهُ محبَّتَهُ في قلبِها، فقالَتْ: لا تقتُلوهُ، لعلَّنا نتَّخِذُهُ ولدًا.
9	وأصبحَ قلبُ أمِّ موسى مشغولًا بهِ، فثبَّتَها اللهُ فصبرَتْ.
10	وكانَ موسى لا يرضَعُ من أيِّ امرأةٍ أحضروها لهُ.
11	فقالَتْ أختُهُ: أنا أعرفُ أهلَ بيتٍ يعتنونَ بهِ ويُرضِعونَهُ، ويُحسِنونَ إليهِ. فوافَقوا.
12	فردَّهُ اللهُ إلى أمِّهِ؛ لتفرحَ بهِ ولا تحزنَ عليهِ، ولتعرفَ أنَّ اللهَ يَفي بما وعدَ.
13	تعلَّمْنا من أمِّ موسى: أن نثِقَ بوعدِ اللهِ، فاللهُ لا يُخلِفُ وعدَهُ.
