1	أرسلَ اللهُ إلى أهلِ مَديَنَ أخاهُم شُعيبًا عليهِ السلامُ.
2	فقالَ لهُم: يا قومِ، اعبُدوا اللهَ وحدَهُ، ليسَ لكُم إلهٌ غيرُهُ.
3	وكانوا يُنقِصونَ الكيلَ والميزانَ، فيأخذونَ من حقوقِ الناسِ في البيعِ.
4	فقالَ لهُم: أتِمّوا الكيلَ والميزانَ بالعدلِ، ولا تُنقِصوا الناسَ حقَّهُم، ولا تُفسِدوا في الأرضِ.
6	وقالَ: ما يبقى لكُم من الربحِ الحلالِ خيرٌ لكُم من الكسبِ الحرامِ.
7	فسخِروا منهُ وقالوا: هل صلاتُكَ تأمرُكَ أن نتركَ عبادةَ آبائِنا، وألّا نتصرَّفَ في أموالِنا كما نحبُّ؟
8	فقالَ شعيبٌ: لا أريدُ إلّا أن أُصلِحَكُم بقدرِ طاقتي، ولا يُعينُني على ذلكَ إلّا اللهُ، وعليهِ أعتمدُ.
9	وكانَ لا يأمرُهُم بشيءٍ ويفعلُ غيرَهُ.
10	لكنَّهُم أصرّوا، وقالوا: لا نفهمُ كثيرًا ممّا تقولُ.
11	فلمّا جاءَ أمرُ اللهِ، نجّى شعيبًا والذينَ آمنوا معهُ برحمتِهِ، وأخذَتِ الصيحةُ الظالمينَ.
12	تعلَّمْنا من شعيبٍ: أن نكونَ أمناءَ في البيعِ والشراءِ، لا نغُشُّ ولا نأخذُ حقَّ أحدٍ، وأنَّ الحلالَ خيرٌ من الحرامِ.
