1	كانَ قومُ ثمودَ يعيشونَ بينَ حدائقَ وعيونِ ماءٍ ونخيلٍ، وينحِتونَ من الجبالِ بيوتًا.
2	فأرسلَ اللهُ إليهِم أخاهُم صالحًا عليهِ السلامُ، يدعوهُم إلى عبادةِ اللهِ وحدَهُ.
3	وقالَ لهُم: اطلبوا من ربِّكُم أن يغفرَ لكُم، وارجِعوا إليهِ، فهو قريبٌ يُجيبُ مَن دعاهُ.
4	فقالوا: أنتَ إنسانٌ مثلُنا، فأْتِنا بعلامةٍ إنْ كنتَ صادقًا.
5	فآتاهُ اللهُ ناقةً، علامةً على صدقِهِ.
7	وقالَ لهُم: للناقةِ يومٌ تشربُ فيهِ من الماءِ، ولكُم يومٌ تشربونَ فيهِ.
8	لكنَّهُم كذَّبوهُ، وقامَ أشقاهُم فعقرَ الناقةَ.
9	فقالَ صالحٌ: تمتَّعوا في بيوتِكُم ثلاثةَ أيّامٍ، ثمَّ يأتي العذابُ.
10	فأصبحوا نادمينَ، ولم ينفعْهُم الندمُ.
11	فلمّا جاءَ أمرُ اللهِ، أنجى صالحًا والذينَ آمنوا معهُ برحمتِهِ.
12	وأخذَتِ الصيحةُ الظالمينَ، فصارَتْ ديارُهُم خاليةً كأنْ لم يسكنوا فيها.
13	تعلَّمْنا من صالحٍ: أن نحترمَ آياتِ اللهِ، وأن نرفُقَ بالحيوانِ ولا نؤذيَهُ.
