1	كانَتْ مريمُ امرأةً صالحةً، اصطفاها اللهُ على نساءِ العالمينَ.
2	وابتعدَتْ عن أهلِها إلى مكانٍ من جهةِ الشرقِ، وجعلَتْ دونَهُم سِترًا.
3	فأرسلَ اللهُ إليها المَلَكَ جبريلَ، فاستعاذَتْ بالرحمنِ منهُ.
4	فقالَ لها: إنّما أنا رسولُ ربِّكِ، جئتُ لأُبشِّرَكِ بغلامٍ طاهرٍ.
5	فتعجَّبَتْ: كيفَ يكونُ لي ولدٌ ولستُ ذاتَ زوجٍ؟ فقالَ: ذلكَ سهلٌ على اللهِ، إذا أرادَ شيئًا قالَ لهُ: كُنْ، فيكونُ.
6	فخلقَهُ اللهُ من غيرِ أبٍ؛ ليكونَ علامةً للناسِ على قدرةِ اللهِ، ورحمةً منهُ.
7	وجاءَ وقتُ الولادةِ عندَ جذعِ نخلةٍ، فنُودِيَتْ: لا تحزَني، فقد أجرى اللهُ تحتَكِ جدولَ ماءٍ.
8	وحرِّكي جذعَ النخلةِ، يتساقطْ عليكِ رُطَبٌ طازجٌ، فكُلي واشربي وطيبي نفسًا.
9	ثمَّ أتَتْ قومَها تحمِلُهُ، فأنكروا ذلكَ عليها، فأشارَتْ إليهِ.
10	فقالوا: كيفَ نكلِّمُ طفلًا رضيعًا في مهدِهِ؟ فتكلَّمَ عيسى وهو رضيعٌ.
12	وقالَ: جعلَني اللهُ مبارَكًا أينما كنتُ، وأوصاني بالصلاةِ والزكاةِ، وجعلَني بارًّا بأمّي.
13	ولمّا كبِرَ، أرسلَهُ اللهُ إلى بني إسرائيلَ، وعلَّمَهُ التوراةَ والإنجيلَ.
14	وأعطاهُ اللهُ معجزاتٍ: يصنعُ من الطينِ شكلَ طيرٍ، فينفُخُ فيهِ، فيصيرُ طيرًا بإذنِ اللهِ.
15	ويشفي مَن وُلِدَ أعمى، ومَن بهِ بَرَصٌ، ويُحيي الموتى بإذنِ اللهِ.
16	وكلُّ ذلكَ دليلٌ على أنَّهُ نبيُّ اللهِ ورسولُهُ، وأنَّهُ عبدُ اللهِ.
17	تعلَّمْنا من عيسى وأمِّهِ: أنَّ اللهَ قادرٌ على كلِّ شيءٍ، وأن نَبَرَّ أمَّهاتِنا ونحافظَ على الصلاةِ.
