1	أرسلَ اللهُ نبيَّهُ يونُسَ عليهِ السلامُ إلى قومِهِ، يدعوهُم إلى عبادةِ اللهِ وحدَهُ.
2	فلم يؤمنوا، فحذَّرَهُم من العذابِ، فلم يرجِعوا إلى ربِّهِم.
3	فلم يصبِرْ عليهم، وخرجَ من بينِهِم غاضبًا، ضائقًا صدرُهُ.
4	وركِبَ سفينةً مملوءةً بالرُّكّابِ والأمتعةِ.
5	فأحاطَتْ بها الأمواجُ العظيمةُ، وخافَ الرُّكّابُ الغرقَ.
6	فاقترَعوا ليُخفِّفوا السفينةَ، فوقعَتِ القُرعةُ على يونُسَ.
7	فأُلقِيَ في البحرِ، فابتلعَهُ الحوتُ.
8	وفي ظُلُماتِ الليلِ والبحرِ وبطنِ الحوتِ، نادى يونُسُ ربَّهُ تائبًا.
10	فاستجابَ اللهُ دعاءَهُ، وألقاهُ الحوتُ على أرضٍ خاليةٍ، وهو ضعيفُ الجسمِ.
11	وأنبتَ اللهُ عليهِ شجرةً من القَرْعِ تُظِلُّهُ.
12	وأرسلَهُ اللهُ إلى مئةِ ألفٍ من الناسِ أو يزيدونَ، فآمَنوا كلُّهُم.
13	تعلَّمْنا من يونُسَ: أن نصبرَ ولا نغضبَ، وأنَّ من دعا اللهَ بصدقٍ في الشِّدَّةِ نجّاهُ اللهُ.