1	آتى اللهُ إبراهيمَ عليهِ السلامُ الهُدى والرُّشدَ.
2	وكانَ قومُهُ يعبدونَ أصنامًا صنعُوها بأيديهِم.
3	فسألَهُم عن هذهِ الأصنامِ، فقالوا: هكذا كانَ آباؤُنا يفعلونَ.
4	فأخبرَهُم أنَّ ربَّهُم هو ربُّ السماواتِ والأرضِ، الذي خلقَهُنَّ.
5	فلمّا ذهبَ قومُهُ، كسَّرَ إبراهيمُ الأصنامَ قِطَعًا صغيرةً، وتركَ كبيرَها.
6	فرجعَ القومُ، فرأَوا أصنامَهُم محطَّمةً، فقالوا: مَن فعلَ هذا؟
7	فجاؤوا بإبراهيمَ أمامَ الناسِ، فقالَ لهم: اسألوا أصنامَكُم، إنْ كانتْ تتكلَّمُ.
8	فعرَفوا في أنفُسِهِم أنَّها لا تتكلَّمُ، ولا تنفعُ ولا تضُرُّ.
9	لكنَّهُم غضِبوا، وأشعلوا نارًا عظيمةً، وألقَوا إبراهيمَ فيها.
11	فلم تحرِقْهُ النارُ، ولم يُصِبْهُ فيها أيُّ أذًى.
12	وأرادوا بهِ الشرَّ، فأبطلَ اللهُ كيدَهُم، وجعلَهُمُ المغلوبينَ.
13	تعلَّمْنا من إبراهيمَ: أن نقولَ الحقَّ بشجاعةٍ، وأنَّ اللهَ يحفظُ مَن يتوكَّلُ عليهِ.