1	كانَ زكريّا عليهِ السلامُ نبيًّا صالحًا، يكفُلُ مريمَ، وأسكنَها في مكانِ عبادتِهِ.
2	وكانَ كلَّما دخلَ عليها وجدَ عندَها رزقًا طيِّبًا، فيسألُها: من أينَ لكِ هذا؟ فتقولُ: هو من عندِ اللهِ.
3	وكانَ زكريّا قد كبِرَ، وضعُفَ عظمُهُ، وابيضَّ شعرُ رأسِهِ، وامرأتُهُ لا تلِدُ.
4	فلمّا رأى ما أكرمَ اللهُ بهِ مريمَ، دعا ربَّهُ سِرًّا أن يرزُقَهُ ولدًا صالحًا.
6	فبينما هو قائمٌ يصلّي في مِحرابِهِ، جاءَتْهُ البُشرى: سيُرزَقُ بولدٍ اسمُهُ يحيى.
7	ولم يُسَمِّ اللهُ أحدًا قبلَهُ بهذا الاسمِ.
8	فتعجَّبَ زكريّا فرِحًا: كيفَ يكونُ لي ولدٌ وقد كبِرتُ، وامرأتي لا تلِدُ؟
9	فقيلَ لهُ: ذلكَ هيِّنٌ على اللهِ، فقد خلقَكَ من قبلُ ولم تكُنْ شيئًا.
10	وكانَتْ علامتُهُ ألّا يقدِرَ على كلامِ الناسِ ثلاثةَ أيّامٍ، وهو صحيحٌ معافى.
11	فخرجَ إلى قومِهِ، وأشارَ إليهِم: سبِّحوا اللهَ صباحًا ومساءً.
12	فوُلِدَ يحيى، وأمرَهُ اللهُ وهو صغيرٌ أن يأخذَ التوراةَ بجِدٍّ، يحفظُها ويفهمُها ويعملُ بها.
13	وأعطاهُ اللهُ الحكمةَ وهو صغيرٌ، وكانَ رحيمًا، مطيعًا لربِّهِ.
14	وكانَ بارًّا بوالدَيْهِ، مطيعًا لهُما، ولم يكُنْ متكبِّرًا ولا عاصيًا.
15	تعلَّمْنا من زكريّا ويحيى: أن ندعوَ اللهَ ولا نيأسَ أبدًا، وأن نكونَ بارّينَ بآبائِنا وأمهاتِنا.
