1	تفقَّدَ سليمانُ عليهِ السلامُ الطيرَ، فلم يجِدِ الهدهدَ، فقالَ: ما لي لا أرى الهدهدَ؟
2	وأرادَ أن يعرِفَ عُذرَهُ في غيابِهِ.
3	فجاءَ الهدهدُ بعدَ قليلٍ، وقالَ: جئتُكَ من سبأٍ في اليمنِ بخبرٍ يقينٍ.
4	وجدتُ امرأةً تحكمُهُم، ولها عرشٌ عظيمٌ.
5	ووجدتُها هي وقومَها يسجدونَ للشمسِ، ولا يعبدونَ اللهَ.
6	فقالَ سليمانُ: سنعرفُ هل قلتَ الصدقَ أم لا، اذهبْ بكتابي هذا إليهِم.
7	فألقى الهدهدُ الكتابَ إلى الملكةِ، فجمعَتْ أشرافَ قومِها وقالَتْ: وصلَني كتابٌ كريمٌ.
9	وكانَ فيهِ: ألّا تتكبَّروا، وأقبِلوا مسلمينَ للهِ.
10	فاستشارَتْ قومَها، ثمَّ أرسلَتْ إلى سليمانَ هديّةً من نفائسِ الأموالِ.
11	فقالَ سليمانُ: ما أعطاني اللهُ خيرٌ ممّا أعطاكُم، ولم يقبَلِ الهديّةَ.
12	ثمَّ قالَ: أيُّكُم يأتيني بعرشِها؟ فقالَ رجلٌ أعطاهُ اللهُ علمًا: أنا آتيكَ بهِ قبلَ أن ترمَشَ عينُكَ. فدعا اللهَ، فجاءَ العرشُ.
13	فلمّا رآهُ سليمانُ عندَهُ قالَ: هذا من نعمةِ اللهِ عليَّ، ليمتحنَني: هل أشكرُهُ على نعمتِهِ أم أجحدُها؟
14	فلمّا جاءَتِ الملكةُ، رأَتْ قدرةَ اللهِ وصِدْقَ سليمانَ، فقالَتْ: أسلمْتُ معَ سليمانَ للهِ ربِّ العالمينَ.
15	تعلَّمْنا من الهدهدِ: أن نقولَ الصدقَ، وأن ندعوَ إلى اللهِ. ومن سليمانَ: أن نشكُرَ اللهَ على كلِّ نعمةٍ.
