1	جاءَ إلى إبراهيمَ عليهِ السلامُ ضيوفٌ غرباءُ، فقالوا: سلامًا، فردَّ عليهِم: سلامٌ.
2	ولم يكُنْ يعرِفُ أنَّهُم ملائكةٌ كرامٌ.
3	فذهبَ إلى أهلِهِ سريعًا، وجاءَهُم بعجلٍ سمينٍ مشويٍّ، وقرَّبَهُ إليهِم بلطفٍ: ألا تأكلونَ؟
4	فلمّا رآهُم لا يأكلونَ، أحسَّ في نفسِهِ خوفًا منهُم.
5	فقالوا: لا تخَفْ، نحنُ ملائكةُ اللهِ، أرسلَنا إلى قومِ لوطٍ.
6	وكانَتِ امرأتُهُ سارةُ قائمةً وراءَ السِّترِ تسمعُ، فبشَّروها بولدٍ اسمُهُ إسحاقُ، ومن بعدِهِ حفيدٌ اسمُهُ يعقوبُ.
7	فتعجَّبَتْ: كيفَ يكونُ لي ولدٌ وأنا عجوزٌ، وزوجي شيخٌ كبيرٌ؟
8	فقالوا لها: لا تعجَبي من أمرِ اللهِ، فهو قادرٌ على كلِّ شيءٍ.
10	وقالوا: هكذا قالَ ربُّكِ، وهو القادرُ على ذلكَ، الحكيمُ العليمُ.
11	وبشَّروا إبراهيمَ أنَّ هذا الولدَ سيكونُ من أهلِ العلمِ باللهِ.
12	تعلَّمْنا من إبراهيمَ: أن نُكرِمَ الضيفَ، ونرُدَّ السلامَ بأحسنَ منهُ، وأنَّ اللهَ لا يُعجِزُهُ شيءٌ.
