1	كانَتْ قريةٌ بقربِ البحرِ، أمرَ اللهُ أهلَها أن يُعظِّموا يومَ السبتِ، ولا يصيدوا فيهِ سمكًا.
2	فاختبرَهُمُ اللهُ: كانَتِ الأسماكُ تأتيهِم يومَ السبتِ كثيرةً، طافيةً على وجهِ البحرِ.
3	فإذا ذهبَ يومُ السبتِ، ذهبَتِ الأسماكُ، فلا يرَوْنَ منها شيئًا.
4	فاحتالَ بعضُهُم: يحبِسونَ السمكَ يومَ السبتِ في حُفَرٍ، ويصطادونَهُ بعدَهُ.
5	فقامَتْ جماعةٌ صالحةٌ تعِظُهُم وتنهاهُم عن معصيةِ اللهِ.
6	فقالَتْ لهُم جماعةٌ ثالثةٌ: لماذا تنصحونَ قومًا سيُهلِكُهُمُ اللهُ؟
7	فقالوا: نعِظُهُم لنؤدِّيَ ما أمرَنا اللهُ بهِ، ولعلَّهُم يتَّقونَ اللهَ ويتوبونَ.
9	فلمّا لم يسمعِ المعتدونَ النصيحةَ، أنجى اللهُ الذينَ كانوا ينهَوْنَ عن المعصيةِ.
10	وعاقبَ المعتدينَ، فجعلَهُم قِرَدةً مُبعَدينَ عن كلِّ خيرٍ.
11	تعلَّمْنا من أصحابِ السبتِ: ألّا نحتالَ على أمرِ اللهِ، وأن ننصحَ بلطفٍ، فالنصيحةُ تُنجّي صاحبَها.
