kaaba	b4	14,15,16,17
kaaba	b5	18,19
fil	b1	1,2,3,4
fil	b2	5,6
ilyas	b1	1,2,3,4
ilyas	b2	6,7,8
ilyas	b3	9,10
yusuf	b1	1,2,3,4
yusuf	b2	5,6,7,8
yusuf	b3	9,10,11,12
yusuf	b4	13,14,15,16
yusuf	b5	17,18,19,21
yusuf	b6	22,23,24
shuayb	b1	1,2,3,4
shuayb	b2	6,7,8,9
shuayb	b3	10,11,12
musa_baby	b1	1,2,3,5
musa_baby	b2	6,7,8,9
musa_baby	b3	10,11,12,13
isa	b1	1,2,3,4
isa	b2	5,6,7,8
isa	b3	9,10,12,13
isa	b4	14,15,16,17
dhulqarnayn	b1	1,2,3,4
dhulqarnayn	b2	5,6,7,8
dhulqarnayn	b3	9,10,11
dhulqarnayn	b4	12,14
jannatayn	b1	1,2,3,4
jannatayn	b2	5,6,7,8
jannatayn	b3	9,11,12
jannatayn	b4	13,14
hudhud	b1	1,2,3,4
hudhud	b2	5,6,7,9
hudhud	b3	10,11,12,13
hudhud	b4	14,15
adam	b1	1,2,3,4
adam	b2	5,6,7,8
adam	b3	9,10,11,13
adam	b4	14,15,16
dawud	b1	1,2,3,4
dawud	b2	5,6,7,8
dawud	b3	10,11,12
dawud	b4	13,14
dhabih	b1	1,2,3,4
dhabih	b2	5,6,7,8
dhabih	b3	10,11,12
dhabih	b4	13,14
ihya	b1	1,2,3,4
ihya	b2	5,6,8,9
ihya	b3	10,11
khidr	b1	1,2,3,4
khidr	b2	5,6,7,9
khidr	b3	10,11,12,13
khidr	b4	14,15,16,17
dayf	b1	1,2,3,4
dayf	b2	5,6,7,8
dayf	b3	10,11,12
sabt	b1	1,2,3,4
sabt	b2	5,6,7,9
sabt	b3	10,11
