1	كانَ أيّوبُ عليهِ السلامُ عبدًا صالحًا، أعطاهُ اللهُ أهلًا وأولادًا ومالًا.
2	ثمَّ ابتلاهُ اللهُ بمرضٍ شديدٍ في جسدِهِ، وفقَدَ أهلَهُ ومالَهُ وأولادَهُ.
3	فصبرَ أيّوبُ، ورضِيَ بما قدَّرَ اللهُ، ولم يشكُ إلّا إلى ربِّهِ.
4	ومرَّتِ الأيّامُ وهو صابرٌ، يذكرُ اللهَ ويرجِعُ إليهِ.
5	ثمَّ دعا ربَّهُ: يا ربِّ، أصابَني التعبُ والألمُ، وأنتَ أرحمُ الراحمينَ.
7	فاستجابَ اللهُ دعاءَهُ، وقالَ لهُ: اضرِبِ الأرضَ برِجلِكَ.
8	فنبعَ من الأرضِ ماءٌ باردٌ، فشرِبَ منهُ واغتسلَ، فذهبَ عنهُ المرضُ.
9	وردَّ اللهُ عليهِ أهلَهُ، وأعطاهُ مثلَهُم معَهُم، رحمةً منهُ.
10	وأثنى اللهُ عليهِ فقالَ: إنّا وجدناهُ صابرًا، نِعمَ العبدُ.
11	وجعلَهُ اللهُ قُدوةً لكلِّ صابرٍ، يرجو رحمةَ ربِّهِ.
12	تعلَّمْنا من أيّوبَ: أن نصبرَ إذا مرِضْنا أو حزِنّا، وأن ندعوَ اللهَ، فبعدَ الصبرِ يأتي الفرَجُ.
