1	كانَ فِتيةٌ شُبّانٌ آمنوا بربِّهِم، فزادَهُمُ اللهُ هُدًى وثباتًا على الحقِّ.
2	وكانَ قومُهُم يعبدونَ الأصنامَ، ويريدونَ أن يُرغِموهُم على عبادتِها.
3	فقوّى اللهُ قلوبَهُم، فقاموا وقالوا: ربُّنا ربُّ السماواتِ والأرضِ، لن نعبُدَ غيرَهُ.
4	ثمَّ تركوا قومَهُم، ولجؤوا إلى كهفٍ في الجبلِ ليعبُدوا ربَّهُم وحدَهُ.
5	ودعَوْا ربَّهُم أن يرحمَهُم، ويُيسِّرَ لهُم طريقَ الصوابِ.
7	فألقى اللهُ عليهِمُ النومَ العميقَ في الكهفِ.
8	وكانَتِ الشمسُ إذا طلعَتْ تميلُ عن كهفِهِم، وإذا غربَتْ تتركُهُم، فلا يؤذيهِم حرُّها.
9	وكانَ اللهُ يُقلِّبُهُم وهم نائمونَ، مرّةً على الجنبِ الأيمنِ ومرّةً على الأيسرِ.
10	وكلبُهُم الذي صاحبَهُم مادٌّ ذراعَيْهِ عندَ بابِ الكهفِ.
11	وناموا ثلاثَمئةِ سنةٍ وتسعَ سنينَ.
12	ثمَّ أيقظَهُمُ اللهُ كما كانوا، فسألَ بعضُهُم بعضًا: كم نِمْنا؟ قالوا: يومًا أو بعضَ يومٍ.
13	وقالَ آخرونَ: ربُّكُم أعلمُ بما نِمتُم.
14	فأرسلوا واحدًا منهُم بنقودِهِمُ الفضّيّةِ إلى المدينةِ، يشتري طعامًا حلالًا طيِّبًا، ويتلطَّفُ حتّى لا يعرِفَهُم أحدٌ.
15	فلمّا رأى البائعُ نقودَهُمُ القديمةَ، انكشفَ أمرُهُم، وعرَفَ الناسُ قصَّتَهُم.
16	فعلِمَ الناسُ أنَّ وعدَ اللهِ حقٌّ، وأنَّ اللهَ يبعثُ الناسَ بعدَ الموتِ، كما أيقظَ الفتيةَ بعدَ نومٍ طويلٍ.
17	تعلَّمْنا من أصحابِ الكهفِ: أن نثبُتَ على الحقِّ ولو كانَ الناسُ حولَنا على غيرِهِ، وأنَّ مَن لجأَ إلى اللهِ حفِظَهُ.
