1	كانَ لقمانُ عبدًا صالحًا، أعطاهُ اللهُ الحكمةَ: الفقهَ في الدينِ، وسلامةَ العقلِ، والصوابَ في القولِ.
2	وأمرَهُ اللهُ أن يشكُرَهُ على نِعَمِهِ، ومن يشكُرْ فإنَّما ينفعُ نفسَهُ.
3	وجلسَ لقمانُ يَعِظُ ابنَهُ، فقالَ لهُ: يا بُنيَّ، لا تُشرِكْ باللهِ شيئًا، فالشركُ أعظمُ الذنوبِ.
5	وأمرَنا اللهُ أن نبَرَّ والدَيْنا ونُحسِنَ إليهِما؛ فقد حملَتْنا أمَّهاتُنا ضعفًا على ضعفٍ، وأرضعَتْنا عامَيْنِ.
6	فنشكُرُ اللهَ، ثمَّ نشكُرُ والدَيْنا.
7	وقالَ لقمانُ: يا بُنيَّ، لو كانَ العملُ صغيرًا مثلَ حبّةِ خردلٍ، في صخرةٍ أو في السماواتِ أو في الأرضِ، يأتي بهِ اللهُ.
8	فاللهُ لطيفٌ بعبادِهِ، خبيرٌ بأعمالِهِم.
9	يا بُنيَّ، أقِمِ الصلاةَ، وأْمُرْ بالخيرِ، وانْهَ عن الشرِّ بلُطفٍ ولِينٍ، واصبِرْ على ما يُصيبُكَ.
10	ولا تُعرِضْ بوجهِكَ عن الناسِ إذا كلَّموكَ، ولا تمشِ في الأرضِ متكبِّرًا؛ فاللهُ لا يحبُّ المتكبِّرينَ.
11	وتواضَعْ في مشيِكَ، واخفِضْ صوتَكَ ولا ترفعْهُ.
12	تعلَّمْنا من لقمانَ: أن نعبُدَ اللهَ وحدَهُ، ونَبَرَّ آباءَنا وأمهاتِنا، ونصلّيَ، ونتواضعَ، ونتكلَّمَ بأدبٍ.
