1	بعدَ زمانِ موسى، طلبَ بنو إسرائيلَ من نبيِّهِم أن يجعلَ لهُم ملِكًا، يقاتلونَ معهُ أعداءَهُم الذينَ أخرجوهُم من ديارِهِم.
2	فأخبرَهُم نبيُّهُم أنَّ اللهَ اختارَ طالوتَ ملِكًا عليهِم.
3	فقالوا: كيفَ يكونُ ملِكًا وليسَ عندَهُ مالٌ كثيرٌ؟ فقالَ: إنَّ اللهَ اختارَهُ، وزادَهُ علمًا وقوّةً.
4	فخرجَ طالوتُ بجنودِهِ، وقالَ لهُم: إنَّ اللهَ سيختبرُكُم بنهرٍ، ومَن يشربْ منهُ لا يكونُ من أصحابي، إلّا مَن أخذَ ملءَ كفِّهِ فقط.
5	فلمّا وصلوا إلى النهرِ شربَ أكثرُهُم، إلّا قليلًا صبروا على العطشِ.
6	وعبرَ طالوتُ معَ القلّةِ المؤمنةِ، فرأَوا جالوتَ وجنودَهُ الكثيرينَ.
7	فقالَ المؤمنونَ: كثيرًا ما غلبَتْ جماعةٌ قليلةٌ صابرةٌ جماعةً كبيرةً، بعونِ اللهِ وتوفيقِهِ، فاللهُ يُعينُ الصابرينَ.
8	ودعَوا ربَّهُم: أن يُنزِلَ على قلوبِهِم صبرًا، ويُثبِّتَ أقدامَهُم، وينصُرَهُم.
10	فنصرَهُمُ اللهُ على عدوِّهِم، وقتلَ داودُ عليهِ السلامُ جالوتَ.
11	وأعطى اللهُ داودَ بعدَ ذلكَ الملكَ والنبوّةَ، وعلَّمَهُ ممّا يشاءُ.
12	وكانَتِ الجبالُ والطيرُ تُسبِّحُ معَهُ إذا سبَّحَ.
13	وألانَ اللهُ لهُ الحديدَ، فكانَ كالعجينِ، يصنعُ منهُ دروعًا تحمي لابسَها.
14	تعلَّمْنا من داودَ وأصحابِ طالوتَ: أنَّ النصرَ من عندِ اللهِ، وأنَّ اللهَ يُعينُ الصابرينَ.
