1	رأى يوسفُ عليهِ السلامُ وهو صغيرٌ في منامِهِ: أحدَ عشرَ كوكبًا والشمسَ والقمرَ يسجدونَ لهُ.
2	فقالَ لهُ أبوهُ يعقوبُ: يا بُنيَّ، لا تحكِ رؤياكَ لإخوتِكَ، فيحسُدوكَ.
3	وكانَ إخوتُهُ يقولونَ: أبونا يحبُّ يوسفَ وأخاهُ أكثرَ منّا، فاتَّفَقوا أن يُبعِدوهُ عن أبيهِ.
4	فأخذوهُ معهُم إلى المراعي، وألقَوْهُ في البئرِ.
5	وأوحى اللهُ إلى يوسفَ: ستُخبِرُهُم يومًا بما فعلوا.
6	ورجعوا إلى أبيهِم ليلًا يبكونَ، وقالوا: أكلَهُ الذئبُ، وجاؤوا بقميصِهِ عليهِ دمٌ كذِبٌ.
7	فقالَ يعقوبُ: بل أنتُم دبَّرتُم أمرًا سيِّئًا، فسأصبرُ صبرًا لا أشكو فيهِ إلّا إلى اللهِ، وأستعينُ بهِ.
8	ومرَّتْ قافلةٌ، فأرسلوا من يأتيهِم بالماءِ، فلمّا أدلى دلوَهُ تعلَّقَ بهِ يوسفُ.
9	فباعوهُ بدراهمَ قليلةٍ، وذهبوا بهِ إلى مصرَ، فاشتراهُ العزيزُ، وقالَ لامرأتِهِ: أكرِمي مقامَهُ.
10	ولمّا كبِرَ يوسفُ، أعطاهُ اللهُ فهمًا وعلمًا؛ لأنَّهُ كانَ من المحسنينَ.
11	ثمَّ سُجِنَ يوسفُ ظلمًا وهو بريءٌ، وفي السجنِ دعا صاحبَيْهِ إلى عبادةِ اللهِ وحدَهُ، وفسَّرَ لهُما رؤياهُما.
12	ورأى ملِكُ مصرَ في منامِهِ: سبعَ بقراتٍ سِمانٍ تأكلُهُنَّ سبعٌ نحيلاتٌ، وسبعَ سنبلاتٍ خُضرٍ وأُخَرَ يابساتٍ.
13	ففسَّرَها يوسفُ: سبعُ سنينَ فيها خيرٌ كثيرٌ، فادَّخِروا الحبَّ في سنابلِهِ، ثمَّ سبعُ سنينَ شديدةٌ تأكلونَ فيها ما ادَّخرتُم.
14	ثمَّ يأتي عامٌ ينزلُ فيهِ المطرُ، ويكثُرُ فيهِ الخيرُ.
15	فلمّا ظهرَتْ براءتُهُ، أخرجَهُ الملكُ من السجنِ وقرَّبَهُ، فقالَ يوسفُ: اجعلْني على خزائنِ مصرَ، فإنّي أمينٌ عليمٌ.
16	وجاءَتِ السنواتُ الشديدةُ، فجاءَ إخوتُهُ إلى مصرَ يطلبونَ الطعامَ، فعرَفَهُم ولم يعرِفوهُ.
17	فأكرَمَهُم، وطلبَ منهُم أن يأتوا بأخيهِم من أبيهِم، فلمّا جاؤوا بهِ ضمَّهُ إليهِ، وقالَ لهُ سِرًّا: أنا أخوكَ، فلا تحزَنْ.
18	ثمَّ كشفَ لإخوتِهِ أنَّهُ يوسفُ، وأنَّ هذا أخوهُ، وأنَّ اللهَ أكرمَهُما وجمعَ بينَهُما؛ فمَن خافَ اللهَ وصبرَ جزاهُ اللهُ على إحسانِهِ.
19	فقالوا: لقد فضَّلَكَ اللهُ علينا، وقد كُنّا مخطئينَ.
21	وأرسلَ قميصَهُ إلى أبيهِ، فلمّا أُلقِيَ على وجهِهِ رجعَ إليهِ بصرُهُ.
22	وجاءَ يعقوبُ وأهلُهُ إلى مصرَ، فأجلسَ يوسفُ أبوَيْهِ على سريرِهِ إكرامًا لهُما، وسجدَ لهُ أبواهُ وإخوتُهُ تحيّةً، لا عبادةً، وكانَ ذلكَ جائزًا في شريعتِهِم، وهو حرامٌ في شريعتِنا.
23	فقالَ يوسفُ: يا أبي، هذا تفسيرُ الرؤيا التي رأيتُها وأنا صغيرٌ، وقد حقَّقَها ربّي.
24	تعلَّمْنا من يوسفَ: أن نصبرَ ونتَّقيَ اللهَ، وأن نسامحَ مَن أساءَ إلينا، فاللهُ يجزي المحسنينَ على إحسانِهِم.
