1	أمرَ اللهُ إبراهيمَ عليهِ السلامُ، فأسكنَ ابنَهُ إسماعيلَ وأمَّهُ هاجَرَ في وادي مكّةَ.
2	وكانَ وادِيًا ليسَ فيهِ زرعٌ ولا ماءٌ، بجِوارِ بيتِ اللهِ.
3	ولمّا انصرفَ إبراهيمُ، قالَتْ لهُ هاجَرُ: آللهُ الذي أمرَكَ بهذا؟ قالَ: نعم. قالَتْ: إذًا لا يُضيِّعُنا.
4	فدعا إبراهيمُ ربَّهُ: أن يجعلَ قلوبَ الناسِ تحِنُّ إليهِم، وأن يرزُقَهُم من الثمراتِ؛ ليشكُروا.
5	ودعا أن تكونَ مكّةُ بلدًا آمِنًا، وأن يُبعِدَهُ اللهُ وأبناءَهُ عن عبادةِ الأصنامِ. فاستجابَ اللهُ دعاءَهُ.
6	ولمّا فرغَ الماءُ، عطِشَتْ هاجَرُ وعطِشَ ابنُها.
7	فصعِدَتْ جبلَ الصفا تنظُرُ هل ترى أحدًا، ثمَّ أتَتِ المروةَ، ففعلَتْ ذلكَ سبعَ مرّاتٍ. قالَ النبيُّ ﷺ: فذلكَ سعيُ الناسِ بينَهُما.
8	فإذا هي بالمَلَكِ عندَ موضعِ زمزمَ، فبحثَ الأرضَ حتّى ظهرَ الماءُ.
9	فشرِبَتْ وأرضعَتْ ولدَها، وقالَ لها المَلَكُ: لا تخافوا الضَّيعةَ؛ فإنَّ هاهنا بيتَ اللهِ، يبنيهِ هذا الغلامُ وأبوهُ.
10	ثمَّ بيَّنَ اللهُ لإبراهيمَ مكانَ البيتِ، وأمرَهُ أن يبنيَهُ.
11	فرفعَ إبراهيمُ وإسماعيلُ أُسُسَ الكعبةِ، حجرًا فوقَ حجرٍ، وهما يدعوانِ اللهَ في خشوعٍ.
13	ووقفَ إبراهيمُ على حجرٍ وهو يبني، وهو مقامُ إبراهيمَ الذي نصلّي عندَهُ.
14	ودعَوا اللهَ: أن يجعلَهُما ثابتَيْنِ على الإسلامِ، وأن يجعلَ من ذرّيّتِهِما أمّةً مسلمةً.
15	ودعَوا أن يبعثَ اللهُ في ذرّيّتِهِما رسولًا يُعلِّمُهُمُ القرآنَ؛ فكانَ نبيَّنا محمّدًا ﷺ، من ذرّيّةِ إسماعيلَ.
16	وأمرَهُما اللهُ أن يُطهِّرا بيتَهُ للطائفينَ والمصلّينَ.
17	ثمَّ أمرَهُ اللهُ أن ينادِيَ في الناسِ بالحجِّ، فيأتونَ ماشينَ وراكبينَ، من كلِّ طريقٍ بعيدٍ.
18	وجعلَ اللهُ الكعبةَ مكانًا يرجِعُ إليهِ الناسُ، وأمنًا لهُم.
19	تعلَّمْنا من إبراهيمَ وإسماعيلَ: أن نُطيعَ اللهَ ونثِقَ بهِ، وأن نُتقِنَ العملَ وندعوَ اللهَ أن يتقبَّلَهُ.
