1	كانَ قومُ عادٍ يسكنونَ الأحقافَ، وهي رمالٌ كثيرةٌ في جنوبِ جزيرةِ العربِ.
2	فأرسلَ اللهُ إليهِم أخاهُم هودًا عليهِ السلامُ، يدعوهُم إلى عبادةِ اللهِ وحدَهُ.
3	وقالَ لهُم: لا أطلبُ منكُم أجرًا، إنّما أجري على اللهِ الذي خلقَني.
4	استغفِروا ربَّكُم وتوبوا إليهِ، يُرسِلِ المطرَ عليكُم، ويزِدْكُم قوّةً.
5	فقالوا: لن نتركَ آلهتَنا لقولِكَ، وما نحنُ لكَ بمصدِّقينَ.
6	فقالَ هودٌ: إنّي أعتمدُ على اللهِ، فهو ربّي وربُّكُم.
7	فلمّا رأَوا سحابًا عظيمًا متّجهًا إلى أوديتِهِم، فرِحوا وقالوا: هذا سحابٌ يأتينا بالمطرِ.
9	فهبَّتْ ريحٌ شديدةُ البردِ، سبعَ ليالٍ وثمانيةَ أيّامٍ متتابعةً.
10	تُهلِكُ كلَّ شيءٍ أمرَها اللهُ بهِ، فلم يبقَ بعدَها إلّا بيوتُهُم خاليةً.
11	وأنجى اللهُ هودًا والذينَ آمنوا معهُ برحمتِهِ.
12	تعلَّمْنا من هودٍ: أن نتوكَّلَ على اللهِ، وأنَّ الاستغفارَ يجلبُ الخيرَ.
