1	أمرَ اللهُ نبيَّهُ موسى عليهِ السلامُ أن يخرجَ ليلًا بمَن آمنَ معهُ من بني إسرائيلَ.
2	فلمّا علِمَ فرعونُ بخروجِهِم، أرسلَ جنودَهُ يجمعونَ جيشَهُ من كلِّ المدنِ.
3	وقالَ فرعونُ: إنّهُم قليلونَ، ونحنُ مستعدّونَ لهُم.
4	فخرجَ فرعونُ وجنودُهُ وراءَهُم، فلحِقوا بهِم عندَ شروقِ الشمسِ.
5	فلمّا رأى كلُّ فريقٍ الآخرَ، خافَ أصحابُ موسى وقالوا: سيُدرِكُنا فرعونُ.
6	فقالَ موسى: لا، لن يلحقوا بنا؛ فاللهُ معي، وسيهديني إلى طريقِ النجاةِ.
8	فانفلقَ البحرُ، وصارَ كلُّ جانبٍ منهُ كالجبلِ العظيمِ، وظهرَتْ فيهِ طرقٌ يابسةٌ.
9	فعبرَ موسى ومَن معهُ، لا يخافونَ أن يلحقَهُم أحدٌ، ولا أن يغرقوا.
10	ودخلَ فرعونُ وجنودُهُ البحرَ وراءَهُم.
11	فلمّا خرجَ موسى ومَن معهُ إلى البرِّ، أطبقَ اللهُ البحرَ على فرعونَ وجنودِهِ، فغرِقوا جميعًا.
12	وأنجى اللهُ موسى ومَن معهُ أجمعينَ، وكانَ ذلكَ آيةً عظيمةً.
13	تعلَّمْنا من موسى: أنَّ مَن كانَ اللهُ معهُ لا يخافُ، وأنَّ الثقةَ باللهِ نجاةٌ.