1	مرَّ رجلٌ على قريةٍ تهدَّمَتْ بيوتُها، فقالَ: كيفَ يُحيي اللهُ هذهِ القريةَ بعدَ موتِها؟
2	فأماتَهُ اللهُ مئةَ عامٍ، ثمَّ أحياهُ، وسألَهُ: كم لبثْتَ؟ قالَ: يومًا أو بعضَ يومٍ.
3	فأخبرَهُ أنَّهُ لبثَ مئةَ عامٍ، وأمرَهُ أن ينظُرَ إلى طعامِهِ وشرابِهِ: لم يتغيَّرا طولَ هذهِ المدّةِ.
4	وأن ينظُرَ إلى حمارِهِ، كيفَ يُحييهِ اللهُ بعدَ أن صارَ عظامًا.
5	فلمّا رأى ذلكَ بعينِهِ، أيقنَ أنَّ اللهَ قادرٌ على كلِّ شيءٍ.
6	وطلبَ إبراهيمُ عليهِ السلامُ من ربِّهِ أن يُرِيَهُ كيفَ يُحيي الموتى، ليزدادَ يقينًا على يقينِهِ.
8	فأمرَهُ اللهُ أن يأخذَ أربعةً من الطيرِ، ويجعلَ على كلِّ جبلٍ منها جزءًا، ثمَّ يناديَها.
9	فنادى إبراهيمُ، فعادَ كلُّ جزءٍ إلى مكانِهِ، وجاءَتِ الطيرُ مسرعةً.
10	فاللهُ عزيزٌ لا يغلِبُهُ شيءٌ، حكيمٌ في أفعالِهِ.
11	تعلَّمْنا من الآيتَيْنِ: أنَّ اللهَ الذي خلقَنا أوَّلَ مرّةٍ قادرٌ على أن يُحيِيَنا بعدَ الموتِ، وأن نسألَ لنزدادَ يقينًا.
