1	دعا إبراهيمُ عليهِ السلامُ ربَّهُ: يا ربِّ، أعطِني ولدًا صالحًا.
2	فاستجابَ اللهُ لهُ، وبشَّرَهُ بغلامٍ حليمٍ، هو إسماعيلُ.
3	فلمّا كبِرَ إسماعيلُ وصارَ يمشي معَ أبيهِ، قالَ لهُ أبوهُ: إنّي رأيتُ في المنامِ أنّي أذبحُكَ، فما رأيُكَ؟
4	ورؤيا الأنبياءِ حقٌّ، وأمرٌ من اللهِ.
5	فقالَ إسماعيلُ بارًّا بأبيهِ: يا أبي، افعلْ ما أمرَكَ اللهُ بهِ، وسأصبرُ بإذنِ اللهِ.
6	فلمّا استسلما لأمرِ اللهِ، ناداهُ اللهُ: يا إبراهيمُ، قد صدَّقْتَ الرؤيا، وفعلْتَ ما أُمِرْتَ بهِ.
7	إنَّ هذا كانَ اختبارًا عظيمًا، ظهرَ فيهِ صِدقُ إيمانِهِ.
8	فأنقذَ اللهُ إسماعيلَ، وجعلَ بدلًا منهُ كبشًا عظيمًا.
10	وكذلكَ يجزي اللهُ المحسنينَ، فيُنجّيهِم من الشدائدِ.
11	وأبقى اللهُ لإبراهيمَ ذِكرًا حسنًا في الأممِ بعدَهُ، وسلامٌ على إبراهيمَ.
12	ثمَّ بشَّرَهُ اللهُ بولدِهِ إسحاقَ نبيًّا من الصالحينَ، جزاءً على صبرِهِ، وباركَ عليهِما.
13	وكانَ ذلكَ الكبشُ قُربانًا وسُنّةً إلى يومِ القيامةِ؛ ولذلكَ نُضحّي في عيدِ الأضحى.
14	تعلَّمْنا من إبراهيمَ وإسماعيلَ: أن نُطيعَ اللهَ ونَبَرَّ آباءَنا، وأنَّ مَن صبرَ على أمرِ اللهِ جعلَ اللهُ لهُ فرَجًا.
